policy,slice,total_cost_mean,regular_cost_mean,overtime_cost_mean,understaffing_cost_mean,idle_cost_mean,unmet_visits_mean,understaffed_rate_mean,capacity_pressure_rate_mean,clinician_days_mean,nurse_days_mean,total_cost_std,regular_cost_std,overtime_cost_std,understaffing_cost_std,idle_cost_std,unmet_visits_std,understaffed_rate_std,capacity_pressure_rate_std,clinician_days_std,nurse_days_std,n_folds
attended_demand,all,1986720.6666666667,1717162.5,87409.99999999997,107744.0,74404.16666666666,1346.8000000000004,0.1644345238095238,0.296875,1727.5,1324.75,115283.80294444364,82197.55039942896,15476.362621753207,43523.69984272936,7568.176244424193,544.0462480341172,0.03913624463804439,0.044964121814696806,86.77365191500625,66.44483927790529,4
attended_demand,censored,389639.0,275850.0,40747.49999999999,72804.0,237.5,910.0500000000001,0.750314768863156,0.8364419630548663,278.5,213.0,116247.29856072641,70008.72564664112,9952.69938257958,36649.67179480147,217.46647251166482,458.12089743501843,0.018897548611553534,0.11700590406804844,69.90708118638625,55.142240312365495,4
attended_demand,uncensored,1597081.6666666665,1441312.5,46662.49999999999,34940.0,74166.66666666666,436.7500000000001,0.10249123073801852,0.2426164514923999,1449.0,1111.75,76666.73083765434,80379.9557829355,7049.9899527115085,8549.155747791707,7701.5150024740815,106.86444684739638,0.027620307418305064,0.04715009024548958,84.73881440441957,62.84571054044445,4
completed_visits,all,1966615.3333333333,1689862.5,94417.49999999999,113352.0,68983.33333333333,1416.9000000000003,0.17336309523809523,0.296875,1697.75,1297.75,102673.57048649082,67979.2783991318,15173.095432376349,35515.027880227455,6071.24369466421,443.9378485028431,0.029898002313332617,0.044964121814696806,70.31536105290222,54.469410375610515,4
completed_visits,censored,392815.5,265087.5,44619.999999999985,83108.0,0.0,1038.8500000000001,0.8469602977667494,0.8364419630548663,266.25,203.25,112620.91096979578,69964.7694081338,12220.771934156475,30911.38543212409,0.0,386.3923179015512,0.05768277179775569,0.11700590406804844,70.56616280720763,53.8787218358664,4
completed_visits,uncensored,1573799.8333333335,1424775.0,49797.49999999999,30244.00000000001,68983.33333333333,378.0500000000001,0.10234926752250831,0.2426164514923999,1431.5,1094.5,65910.4036038485,64020.22466897993,4117.996074144155,5125.053755815642,6071.243694664212,64.0631719476955,0.015423605142394936,0.04715009024548958,66.42037839900242,47.59201613716316,4
hybrid,all,1980398.5,1716237.5,88127.49999999999,102796.00000000001,73237.5,1284.9500000000003,0.16592261904761907,0.296875,1726.25,1324.25,110316.2853917298,76524.74953677841,14152.39997314943,37236.349552554144,6452.280317554118,465.45436940692707,0.03038776466765199,0.044964121814696806,80.71916335872997,60.681545794417595,4
hybrid,censored,388866.0,276625.0,40927.49999999999,71076.00000000001,237.5,888.4500000000002,0.750314768863156,0.8364419630548663,279.5,213.5,114255.75343062598,71793.9238376062,10373.804750427875,32279.75679379674,217.46647251166482,403.49695992245927,0.018897548611553534,0.11700590406804844,72.31643427787813,56.098128311023,4
hybrid,uncensored,1591532.5,1439612.5,47199.999999999985,31720.00000000001,73000.0,396.5000000000001,0.10397000037562451,0.2426164514923999,1446.75,1110.75,71898.80381918485,70407.69814681727,5113.374619563873,5125.438777964937,6598.161921379371,64.06798472456165,0.017406124287774292,0.04715009024548958,73.40470012199494,54.03316882557727,4
